<?xml version="1.0" encoding="UTF-8"?>
<project-private xmlns="http://www.netbeans.org/ns/project-private/1">
    <editor-bookmarks xmlns="http://www.netbeans.org/ns/editor-bookmarks/2" lastBookmarkId="0"/>
    <open-files xmlns="http://www.netbeans.org/ns/projectui-open-files/2">
        <group>
            <file>file:/C:/Users/surya/OneDrive/Desktop/MC%20ASSIGNMENTS/A14%20-%20Implement%20a%204%20digit%20key%20press%20counter%20with%20persistence%20using%20external%20EEPROM/main.c</file>
            <file>file:/C:/Users/surya/OneDrive/Desktop/MC%20ASSIGNMENTS/A14%20-%20Implement%20a%204%20digit%20key%20press%20counter%20with%20persistence%20using%20external%20EEPROM/ssd.c</file>
            <file>file:/C:/Users/surya/OneDrive/Desktop/MC%20ASSIGNMENTS/A14%20-%20Implement%20a%204%20digit%20key%20press%20counter%20with%20persistence%20using%20external%20EEPROM/digital_keypad.c</file>
            <file>file:/C:/Users/surya/OneDrive/Desktop/MC%20ASSIGNMENTS/A14%20-%20Implement%20a%204%20digit%20key%20press%20counter%20with%20persistence%20using%20external%20EEPROM/digital_keypad.h</file>
            <file>file:/C:/Users/surya/OneDrive/Desktop/MC%20ASSIGNMENTS/A14%20-%20Implement%20a%204%20digit%20key%20press%20counter%20with%20persistence%20using%20external%20EEPROM/main.h</file>
            <file>file:/C:/Users/surya/OneDrive/Desktop/MC%20ASSIGNMENTS/A14%20-%20Implement%20a%204%20digit%20key%20press%20counter%20with%20persistence%20using%20external%20EEPROM/ssd.h</file>
        </group>
    </open-files>
</project-private>
