<?xml version="1.0" encoding="UTF-8"?>
<project-private xmlns="http://www.netbeans.org/ns/project-private/1">
    <editor-bookmarks xmlns="http://www.netbeans.org/ns/editor-bookmarks/2" lastBookmarkId="0"/>
    <open-files xmlns="http://www.netbeans.org/ns/projectui-open-files/2">
        <group>
            <file>file:/C:/Users/surya/OneDrive/Desktop/MC%20ASSIGNMENTS/A04-%20Implement%20a%20point%20brightness%20control/main.c</file>
            <file>file:/C:/Users/surya/OneDrive/Desktop/MC%20ASSIGNMENTS/A04-%20Implement%20a%20point%20brightness%20control/timers.c</file>
            <file>file:/C:/Users/surya/OneDrive/Desktop/MC%20ASSIGNMENTS/A04-%20Implement%20a%20point%20brightness%20control/digital_keypad.c</file>
            <file>file:/C:/Users/surya/OneDrive/Desktop/MC%20ASSIGNMENTS/A04-%20Implement%20a%20point%20brightness%20control/digital_keypad.h</file>
            <file>file:/C:/Users/surya/OneDrive/Desktop/MC%20ASSIGNMENTS/A04-%20Implement%20a%20point%20brightness%20control/timers.h</file>
            <file>file:/C:/Users/surya/OneDrive/Desktop/MC%20ASSIGNMENTS/A04-%20Implement%20a%20point%20brightness%20control/main.h</file>
            <file>file:/C:/Users/surya/OneDrive/Desktop/MC%20ASSIGNMENTS/A04-%20Implement%20a%20point%20brightness%20control/isr.c</file>
        </group>
    </open-files>
</project-private>
