<?xml version="1.0" encoding="UTF-8"?>
<project-private xmlns="http://www.netbeans.org/ns/project-private/1">
    <editor-bookmarks xmlns="http://www.netbeans.org/ns/editor-bookmarks/2" lastBookmarkId="0"/>
    <open-files xmlns="http://www.netbeans.org/ns/projectui-open-files/2">
        <group>
            <file>file:/C:/Users/surya/OneDrive/Desktop/MC%20ASSIGNMENTS/A12-%20Implement%20a%208%20field%20password%20access%20to%20screen/main.c</file>
            <file>file:/C:/Users/surya/OneDrive/Desktop/MC%20ASSIGNMENTS/A12-%20Implement%20a%208%20field%20password%20access%20to%20screen/isr.c</file>
            <file>file:/C:/Users/surya/OneDrive/Desktop/MC%20ASSIGNMENTS/A12-%20Implement%20a%208%20field%20password%20access%20to%20screen/clcd.c</file>
            <file>file:/C:/Users/surya/OneDrive/Desktop/MC%20ASSIGNMENTS/A12-%20Implement%20a%208%20field%20password%20access%20to%20screen/matrix_keypad.c</file>
            <file>file:/C:/Users/surya/OneDrive/Desktop/MC%20ASSIGNMENTS/A12-%20Implement%20a%208%20field%20password%20access%20to%20screen/main.h</file>
            <file>file:/C:/Users/surya/OneDrive/Desktop/MC%20ASSIGNMENTS/A12-%20Implement%20a%208%20field%20password%20access%20to%20screen/matrix_keypad.h</file>
            <file>file:/C:/Users/surya/OneDrive/Desktop/MC%20ASSIGNMENTS/A12-%20Implement%20a%208%20field%20password%20access%20to%20screen/clcd.h</file>
        </group>
    </open-files>
</project-private>
