<?xml version="1.0" encoding="UTF-8"?>
<project-private xmlns="http://www.netbeans.org/ns/project-private/1">
    <editor-bookmarks xmlns="http://www.netbeans.org/ns/editor-bookmarks/2" lastBookmarkId="0"/>
    <open-files xmlns="http://www.netbeans.org/ns/projectui-open-files/2">
        <group>
            <file>file:/C:/Users/surya/OneDrive/Desktop/MC%20ASSIGNMENTS/A15%20-%20Implement%20system%20sleep%20and%20wake%20up%20while%20Interrupt%20on%20change/ssd.h</file>
            <file>file:/C:/Users/surya/OneDrive/Desktop/MC%20ASSIGNMENTS/A15%20-%20Implement%20system%20sleep%20and%20wake%20up%20while%20Interrupt%20on%20change/main.c</file>
            <file>file:/C:/Users/surya/OneDrive/Desktop/MC%20ASSIGNMENTS/A15%20-%20Implement%20system%20sleep%20and%20wake%20up%20while%20Interrupt%20on%20change/timers.c</file>
            <file>file:/C:/Users/surya/OneDrive/Desktop/MC%20ASSIGNMENTS/A15%20-%20Implement%20system%20sleep%20and%20wake%20up%20while%20Interrupt%20on%20change/ssd.c</file>
            <file>file:/C:/Users/surya/OneDrive/Desktop/MC%20ASSIGNMENTS/A15%20-%20Implement%20system%20sleep%20and%20wake%20up%20while%20Interrupt%20on%20change/main.h</file>
            <file>file:/C:/Users/surya/OneDrive/Desktop/MC%20ASSIGNMENTS/A15%20-%20Implement%20system%20sleep%20and%20wake%20up%20while%20Interrupt%20on%20change/isr.c</file>
            <file>file:/C:/Users/surya/OneDrive/Desktop/MC%20ASSIGNMENTS/A15%20-%20Implement%20system%20sleep%20and%20wake%20up%20while%20Interrupt%20on%20change/timers.h</file>
        </group>
    </open-files>
</project-private>
