<?xml version="1.0" encoding="UTF-8"?>
<project-private xmlns="http://www.netbeans.org/ns/project-private/1">
    <editor-bookmarks xmlns="http://www.netbeans.org/ns/editor-bookmarks/2" lastBookmarkId="0"/>
    <open-files xmlns="http://www.netbeans.org/ns/projectui-open-files/2">
        <group>
            <file>file:/C:/Users/surya/OneDrive/Desktop/MC%20ASSIGNMENTS/A10%20-%20Implement%20a%20scrolling%20number%20marquee%20with%20direction%20control/main.c</file>
            <file>file:/C:/Users/surya/OneDrive/Desktop/MC%20ASSIGNMENTS/A10%20-%20Implement%20a%20scrolling%20number%20marquee%20with%20direction%20control/ssd.c</file>
            <file>file:/C:/Users/surya/OneDrive/Desktop/MC%20ASSIGNMENTS/A10%20-%20Implement%20a%20scrolling%20number%20marquee%20with%20direction%20control/digital_keypad.c</file>
            <file>file:/C:/Users/surya/OneDrive/Desktop/MC%20ASSIGNMENTS/A10%20-%20Implement%20a%20scrolling%20number%20marquee%20with%20direction%20control/digital_keypad.h</file>
            <file>file:/C:/Users/surya/OneDrive/Desktop/MC%20ASSIGNMENTS/A10%20-%20Implement%20a%20scrolling%20number%20marquee%20with%20direction%20control/ssd.h</file>
        </group>
    </open-files>
</project-private>
