<?xml version="1.0" encoding="UTF-8"?>
<project-private xmlns="http://www.netbeans.org/ns/project-private/1">
    <editor-bookmarks xmlns="http://www.netbeans.org/ns/editor-bookmarks/2" lastBookmarkId="0"/>
    <open-files xmlns="http://www.netbeans.org/ns/projectui-open-files/2">
        <group>
            <file>file:/C:/Users/surya/OneDrive/Desktop/MC%20ASSIGNMENTS/A09-%20Implement%20a%20temperature%20sensor%20node%20with%20CLCD%20display/main.c</file>
            <file>file:/C:/Users/surya/OneDrive/Desktop/MC%20ASSIGNMENTS/A09-%20Implement%20a%20temperature%20sensor%20node%20with%20CLCD%20display/clcd.c</file>
            <file>file:/C:/Users/surya/OneDrive/Desktop/MC%20ASSIGNMENTS/A09-%20Implement%20a%20temperature%20sensor%20node%20with%20CLCD%20display/adc.c</file>
            <file>file:/C:/Users/surya/OneDrive/Desktop/MC%20ASSIGNMENTS/A09-%20Implement%20a%20temperature%20sensor%20node%20with%20CLCD%20display/adc.h</file>
            <file>file:/C:/Users/surya/OneDrive/Desktop/MC%20ASSIGNMENTS/A09-%20Implement%20a%20temperature%20sensor%20node%20with%20CLCD%20display/clcd.h</file>
            <file>file:/C:/Users/surya/OneDrive/Desktop/MC%20ASSIGNMENTS/A09-%20Implement%20a%20temperature%20sensor%20node%20with%20CLCD%20display/main.h</file>
        </group>
    </open-files>
</project-private>
