<?xml version="1.0" encoding="UTF-8"?>
<project-private xmlns="http://www.netbeans.org/ns/project-private/1">
    <editor-bookmarks xmlns="http://www.netbeans.org/ns/editor-bookmarks/2" lastBookmarkId="0"/>
    <open-files xmlns="http://www.netbeans.org/ns/projectui-open-files/2">
        <group>
            <file>file:/C:/Users/surya/OneDrive/Desktop/MC%20ASSIGNMENTS/A06%20-%20Implement%20a%20LED%20dimmer%20application%20using%20Potentiometer/main.c</file>
            <file>file:/C:/Users/surya/OneDrive/Desktop/MC%20ASSIGNMENTS/A06%20-%20Implement%20a%20LED%20dimmer%20application%20using%20Potentiometer/adc.c</file>
            <file>file:/C:/Users/surya/OneDrive/Desktop/MC%20ASSIGNMENTS/A06%20-%20Implement%20a%20LED%20dimmer%20application%20using%20Potentiometer/main.h</file>
            <file>file:/C:/Users/surya/OneDrive/Desktop/MC%20ASSIGNMENTS/A06%20-%20Implement%20a%20LED%20dimmer%20application%20using%20Potentiometer/adc.h</file>
        </group>
    </open-files>
</project-private>
